Peringkat,Provinsi,IKP
1,Bali,87.65
2,Jawa Tengah,84.8
3,DKI Jakarta,83.8
4,Sulawesi Selatan,83.36
5,Sumatera Barat,83.22
6,DI Yogyakarta,83.17
7,Jawa Timur,82.46
8,Jawa Barat,82.19
9,Gorontalo,81.63
10,Lampung,81.56
11,Kalimantan Selatan,81.26
12,Kalimantan Timur,79.29
13,Banten,78.71
14,Sulawesi Utara,77.32
15,Nusa Tenggara Barat,76.51
16,Sumatera Utara,75.97
17,Sulawesi Tengah,75.83
18,Sulawesi Tenggara,74.96
19,Kalimantan Utara,74.59
20,Sumatera Selatan,73.82
21,Sulawesi Barat,73.03
22,Aceh,72.96
23,Bengkulu,72.27
24,Kalimantan Barat,72.2
25,Jambi,72.17
26,Nusa Tenggara Timur,71.25
27,Kep. Bangka Belitung,71.14
28,Kalimantan Tengah,68.9
29,Riau,68.68
30,Kep. Riau,65.1
31,Maluku,64.37
32,Maluku Utara,62.34
33,Papua Barat,47.95
34,Papua,42.27
