Provinsi,Rencana Jumlah Keluarga Penerima Manfaat (KPM) Bantuan Sosial Pangan (BANSOS PANGAN),Realisasi Jumlah Keluarga Penerima Manfaat (KPM) Bantuan Sosial Pangan (BANSOS PANGAN),Rencana Anggaran Bantuan Sosial Pangan (BANSOS PANGAN) (Rp),Realisasi Anggaran Bantuan Sosial Pangan (BANSOS PANGAN) (Rp)
Aceh,2836431,2780856,1.14884E+12,1.12597E+12
Sumatera Utara,4032602,3921537,1.85643E+12,1.80764E+12
Sumatera Barat,1690918,1648519,7.67793E+11,7.49225E+11
Riau,1581499,1516642,6.47289E+11,6.20175E+11
Jambi,911976,885167,4.18025E+11,4.06598E+11
Sumatera Selatan,2780093,2706411,1.13416E+12,1.10355E+12
Bengkulu,844224,819660,3.44977E+11,3.34749E+11
Lampung,4132087,4060111,1.68832E+12,1.65807E+12
Kepulauan Bangka Belitung,207326,200624,1.08366E+11,1.0516E+11
Kepulauan Riau,362279,340268,1.53123E+11,1.43861E+11
DKI Jakarta,1214775,1150459,4.97487E+11,4.70877E+11
Jawa Barat,22544043,22178797,9.37843E+12,9.22472E+12
Jawa Tengah,18324332,18023086,7.59552E+12,7.46847E+12
DI Yogyakarta,1978336,1943250,8.04433E+11,7.89653E+11
Jawa Timur,17532809,17198004,7.27128E+12,7.12841E+12
Banten,2910539,2847802,1.31626E+12,1.29019E+12
Bali,916993,889385,3.89464E+11,3.78092E+11
Nusa Tenggara Barat,2886174,2803629,1.18883E+12,1.15471E+12
Nusa Tenggara Timur,2774169,2665239,1.29004E+12,1.23749E+12
Kalimantan Barat,1734405,1678082,7.47314E+11,7.23501E+11
Kalimantan Tengah,498179,472280,2.28965E+11,2.17174E+11
Kalimantan Selatan,915416,890269,3.83357E+11,3.72566E+11
Kalimantan Timur,554184,506308,2.2882E+11,2.09033E+11
Kalimantan Utara,146836,135374,59973800000,55234600000
Sulawesi Utara,801469,774603,3.25523E+11,3.14486E+11
Sulawesi Tengah,1225743,1188537,5.04183E+11,4.8854E+11
Sulawesi Selatan,3545017,3448517,1.46881E+12,1.42778E+12
Sulawesi Tenggara,1107968,1071020,4.53887E+11,4.38506E+11
Gorontalo,668950,656150,2.72318E+11,2.66996E+11
Sulawesi Barat,612864,594010,2.51188E+11,2.4343E+11
Maluku,551488,523857,2.40767E+11,2.29135E+11
Maluku Utara,316119,289715,1.35891E+11,1.24682E+11
Papua Barat,188142,162705,1.12878E+11,97623000000
Papua,287256,255228,1.72335E+11,1.53137E+11
